CURRENT_EPISODE_NUMBER,TOTAL_REWARD_AT_END_OF_THIS_EPISODE
0,-1035
1,130
2,-895
3,120
4,295
5,255
6,-545
7,-1035
8,255
9,295
10,250
11,-860
12,295
13,-720
14,-1000
15,240
16,285
17,250
18,-650
19,-825
20,215
21,-895
22,-930
23,255
24,255
25,-930
26,-545
27,-615
28,-1070
29,-720
30,295
31,285
32,245
33,-685
34,255
35,80
36,-720
37,295
38,255
39,295
40,255
41,-545
42,-685
43,295
44,295
45,-965
46,-755
47,-615
48,-860
49,215
50,165
51,-720
52,-825
53,280
54,295
55,215
56,255
57,-685
58,-825
59,-860
60,255
61,-895
62,215
63,255
64,-755
65,250
66,170
67,295
68,295
69,-755
70,-580
71,-650
72,-650
73,-790
74,-580
75,285
76,215
77,-720
78,-755
79,295
80,295
81,-965
82,-860
83,295
84,-580
85,255
86,280
87,-720
88,-755
89,290
90,295
91,255
92,255
93,295
94,255
95,210
96,-685
97,255
98,255
99,135
100,-790
101,295
102,290
103,295
104,215
105,-930
106,295
107,210
108,-650
109,-825
110,295
111,280
112,-965
113,215
114,295
115,135
116,285
117,255
118,295
119,285
120,295
121,-790
122,-930
123,290
124,255
125,-930
126,255
127,-580
128,250
129,-650
130,-650
131,295
132,-615
133,-895
134,255
135,-1000
136,295
137,-825
138,255
139,-825
140,295
141,-860
142,215
143,175
144,-895
145,-825
146,295
147,-895
148,-930
149,245
150,295
151,295
152,-580
153,-895
154,255
155,290
156,-930
157,-720
158,295
159,-580
160,235
161,-895
162,175
163,-1000
164,250
165,255
166,-825
167,255
168,295
169,-685
170,295
171,215
172,255
173,290
174,-825
175,295
176,290
177,295
178,290
179,250
180,295
181,-685
182,-650
183,-685
184,295
185,295
186,255
187,-930
188,-965
189,-825
190,-965
191,-720
192,-930
193,285
194,-930
195,295
196,-825
197,-545
198,295
199,-790
200,-755
201,255
202,-545
203,255
204,295
205,295
206,215
207,290
208,-755
209,-895
210,-720
211,-1140
212,95
213,295
214,270
215,-580
216,-825
217,295
218,290
219,-755
220,-755
221,-650
222,295
223,-860
224,255
225,-860
226,-755
227,195
228,-1000
229,-965
230,290
231,-580
232,-650
233,-930
234,-790
235,295
236,-895
237,-615
238,255
239,255
240,-650
241,295
242,-720
243,-580
244,-895
245,-1035
246,295
247,255
248,-615
249,250
250,-545
251,275
252,215
253,215
254,255
255,295
256,-685
257,-895
258,-860
259,210
260,-650
261,-895
262,-685
263,-545
264,245
265,295
266,-720
267,-790
268,250
269,215
270,250
271,-1000
272,-685
273,290
274,-965
275,285
276,-685
277,285
278,-860
279,-860
280,-930
281,250
282,290
283,255
284,175
285,290
286,255
287,245
288,290
289,215
290,-825
291,-685
292,-965
293,-545
294,255
295,215
296,295
297,-1070
298,295
299,-580
300,295
301,-825
302,-580
303,290
304,-685
305,295
306,-475
307,-685
308,-615
309,-720
310,-930
311,240
312,-930
313,-860
314,295
315,-860
316,-615
317,-860
318,-895
319,290
320,-580
321,-650
322,-545
323,-510
324,-895
325,-860
326,-580
327,255
328,295
329,255
330,295
331,-825
332,290
333,290
334,-685
335,205
336,-860
337,250
338,-720
339,-580
340,290
341,245
342,295
343,255
344,250
345,295
346,-755
347,215
348,-720
349,295
350,-930
351,-895
352,-685
353,-860
354,255
355,175
356,-860
357,250
358,295
359,255
360,-650
361,295
362,-615
363,245
364,255
365,215
366,-510
367,295
368,-685
369,-685
370,-930
371,-825
372,215
373,-860
374,295
375,255
376,-860
377,285
378,-615
379,295
380,210
381,-895
382,295
383,-685
384,255
385,-650
386,290
387,250
388,250
389,-860
390,-825
391,295
392,295
393,-930
394,-930
395,210
396,215
397,-895
398,170
399,295
400,-930
401,295
402,-860
403,-860
404,255
405,295
406,295
407,255
408,-930
409,295
410,255
411,295
412,295
413,290
414,295
415,-965
416,-720
417,215
418,255
419,-895
420,-510
421,255
422,290
423,295
424,295
425,-965
426,295
427,295
428,295
429,295
430,-895
431,-930
432,255
433,215
434,175
435,-720
436,295
437,-860
438,295
439,-1175
440,295
441,-580
442,-895
443,-860
444,255
445,-545
446,250
447,255
448,-825
449,-895
450,175
451,215
452,215
453,-790
454,295
455,295
456,-860
457,-580
458,-895
459,295
460,210
461,-720
462,-790
463,-790
464,-720
465,-895
466,295
467,255
468,295
469,295
470,-755
471,-930
472,-580
473,210
474,-720
475,-615
476,255
477,295
478,-755
479,-790
480,-930
481,230
482,255
483,200
484,-930
485,-825
486,-930
487,-720
488,-860
489,-1000
490,215
491,255
492,295
493,215
494,295
495,-720
496,-825
497,215
498,-1000
499,255
500,255
501,255
502,-755
503,95
504,295
505,295
506,290
507,245
508,-860
509,290
510,295
511,-895
512,290
513,295
514,245
515,-965
516,-860
517,290
518,-720
519,-685
520,215
521,-930
522,-965
523,255
524,-895
525,245
526,255
527,210
528,-755
529,295
530,255
531,295
532,-895
533,-930
534,-650
535,-965
536,-1000
537,250
538,-755
539,-860
540,-545
541,-930
542,285
543,295
544,-965
545,295
546,-965
547,-965
548,290
549,-965
550,-685
551,95
552,-860
553,255
554,-895
555,-755
556,-895
557,-895
558,215
559,295
560,295
561,295
562,-930
563,255
564,250
565,-650
566,205
567,-860
568,295
569,255
570,255
571,215
572,-860
573,290
574,295
575,-895
576,290
577,-580
578,-720
579,250
580,-615
581,-965
582,295
583,-1000
584,-615
585,255
586,255
587,295
588,-685
589,-545
590,255
591,-545
592,295
593,-860
594,255
595,290
596,-965
597,295
598,295
599,255
600,250
601,245
602,-930
603,-895
604,-860
605,295
606,-615
607,-790
608,-965
609,-860
610,-860
611,-720
612,-895
613,255
614,255
615,275
616,215
617,-965
618,295
619,-825
620,-790
621,250
622,-370
623,215
624,-930
625,295
626,295
627,295
628,-580
629,250
630,285
631,-615
632,295
633,55
634,295
635,-545
636,285
637,-965
638,-615
639,250
640,245
641,170
642,255
643,255
644,255
645,250
646,255
647,210
648,-650
649,-930
650,-615
651,255
652,-510
653,-895
654,295
655,-930
656,255
657,175
658,-720
659,255
660,255
661,-930
662,295
663,-860
664,290
665,295
666,-895
667,-930
668,-580
669,-895
670,-720
671,-720
672,290
673,255
674,-930
675,290
676,-965
677,255
678,295
679,295
680,295
681,-545
682,-930
683,-895
684,-615
685,295
686,295
687,295
688,295
689,-615
690,-930
691,295
692,-930
693,295
694,295
695,295
696,-930
697,245
698,255
699,-1000
700,295
701,-790
702,295
703,-580
704,-580
705,255
706,255
707,255
708,295
709,295
710,-545
711,-965
712,215
713,290
714,-755
715,-930
716,245
717,255
718,-790
719,-930
720,215
721,-720
722,-755
723,250
724,255
725,-475
726,-685
727,-720
728,285
729,295
730,-860
731,295
732,-1070
733,-545
734,290
735,250
736,-650
737,295
738,-580
739,-1000
740,255
741,-755
742,-930
743,285
744,255
745,290
746,-650
747,-965
748,-895
749,245
750,-650
751,295
752,255
753,250
754,-650
755,255
756,215
757,-510
758,295
759,295
760,-580
761,215
762,-965
763,-685
764,255
765,290
766,210
767,-1000
768,295
769,295
770,290
771,295
772,215
773,-650
774,-615
775,-860
776,255
777,-615
778,-790
779,-650
780,-930
781,290
782,-860
783,-615
784,-825
785,-720
786,-720
787,295
788,295
789,-510
790,-650
791,290
792,-930
793,-545
794,290
795,295
796,-965
797,290
798,210
799,-650
800,-755
801,-895
802,-1035
803,-685
804,295
805,-1035
806,-790
807,255
808,250
809,230
810,135
811,295
812,215
813,-790
814,-615
815,255
816,-930
817,-825
818,-440
819,-860
820,-720
821,-1000
822,-755
823,-860
824,-895
825,295
826,255
827,245
828,250
829,285
830,255
831,240
832,215
833,-790
834,-790
835,290
836,295
837,-755
838,-860
839,295
840,215
841,-475
842,255
843,290
844,255
845,215
846,175
847,290
848,255
849,295
850,255
851,-755
852,215
853,295
854,-1000
855,-475
856,-755
857,-755
858,-895
859,290
860,295
861,255
862,250
863,-790
864,-790
865,250
866,-895
867,-580
868,-825
869,-580
870,285
871,-650
872,-545
873,295
874,-1000
875,-650
876,-615
877,295
878,-860
879,215
880,-615
881,-720
882,295
883,-965
884,-965
885,255
886,295
887,255
888,-545
889,-930
890,-685
891,295
892,210
893,-825
894,255
895,-790
896,295
897,-615
898,-860
899,290
900,295
901,-580
902,-895
903,-580
904,215
905,215
906,-545
907,210
908,-860
909,-930
910,240
911,-930
912,170
913,-755
914,-650
915,-790
916,-895
917,-1000
918,245
919,295
920,-650
921,295
922,250
923,-860
924,295
925,295
926,295
927,295
928,215
929,-580
930,205
931,-825
932,170
933,255
934,255
935,295
936,255
937,-825
938,-1000
939,215
940,255
941,-860
942,255
943,290
944,295
945,215
946,-860
947,-895
948,-860
949,250
950,-930
951,-720
952,290
953,295
954,-685
955,295
956,-510
957,-825
958,-860
959,210
960,175
961,295
962,295
963,-545
964,-930
965,295
966,-615
967,-580
968,-930
969,255
970,295
971,255
972,290
973,295
974,-930
975,255
976,-1000
977,210
978,-860
979,-685
980,255
981,-895
982,200
983,290
984,295
985,290
986,240
987,255
988,285
989,250
990,255
991,280
992,-895
993,245
994,210
995,-825
996,240
997,-650
998,-1000
999,-650
1000,-580
1001,255
1002,290
1003,290
1004,290
1005,215
1006,245
1007,-895
1008,-860
1009,-650
1010,255
1011,-615
1012,255
1013,-650
1014,-510
1015,-965
1016,210
1017,-825
1018,295
1019,250
1020,-895
1021,-790
1022,-1035
1023,295
1024,255
1025,-615
1026,-895
1027,-895
1028,-825
1029,-720
1030,-965
1031,-650
1032,-685
1033,255
1034,-790
1035,215
1036,175
1037,295
1038,-860
1039,175
1040,-895
1041,285
1042,-930
1043,-685
1044,285
1045,250
1046,-825
1047,210
1048,-825
1049,295
1050,250
1051,295
1052,280
1053,250
1054,-860
1055,-545
1056,-930
1057,-895
1058,295
1059,-1035
1060,295
1061,290
1062,250
1063,295
1064,215
1065,-545
1066,295
1067,-580
1068,290
1069,295
1070,295
1071,210
1072,-1000
1073,255
1074,-790
1075,295
1076,-860
1077,-930
1078,295
1079,295
1080,-895
1081,-615
1082,-755
1083,295
1084,250
1085,-895
1086,55
1087,250
1088,-720
1089,255
1090,255
1091,-650
1092,-825
1093,-510
1094,-685
1095,-860
1096,-930
1097,255
1098,295
1099,-755
1100,-895
1101,-510
1102,295
1103,195
1104,175
1105,255
1106,175
1107,-650
1108,295
1109,-860
1110,-790
1111,255
1112,295
1113,255
1114,255
1115,290
1116,175
1117,245
1118,255
1119,-860
1120,-580
1121,295
1122,-755
1123,-720
1124,255
1125,295
1126,-580
1127,215
1128,295
1129,295
1130,210
1131,290
1132,-895
1133,-860
1134,-860
1135,-790
1136,295
1137,-720
1138,-965
1139,-930
1140,245
1141,205
1142,255
1143,295
1144,175
1145,-650
1146,295
1147,255
1148,-825
1149,295
1150,-720
1151,-1000
1152,295
1153,-895
1154,250
1155,255
1156,-650
1157,295
1158,-930
1159,200
1160,295
1161,-860
1162,-685
1163,-825
1164,215
1165,255
1166,-1035
1167,-685
1168,-965
1169,295
1170,-895
1171,255
1172,-860
1173,-1000
1174,295
1175,-685
1176,295
1177,-720
1178,175
1179,295
1180,-895
1181,-580
1182,295
1183,290
1184,295
1185,160
1186,-755
1187,255
1188,295
1189,245
1190,255
1191,-545
1192,-1035
1193,-825
1194,-685
1195,295
1196,280
1197,-475
1198,-860
1199,215
1200,290
1201,255
1202,-860
1203,295
1204,-930
1205,-720
1206,245
1207,295
1208,285
1209,-790
1210,285
1211,285
1212,295
1213,295
1214,255
1215,-930
1216,-755
1217,295
1218,255
1219,255
1220,-895
1221,-755
1222,255
1223,295
1224,250
1225,250
1226,295
1227,-930
1228,255
1229,-860
1230,255
1231,255
1232,-895
1233,285
1234,205
1235,210
1236,295
1237,-965
1238,255
1239,-475
1240,295
1241,215
1242,295
1243,295
1244,285
1245,295
1246,295
1247,175
1248,295
1249,-1000
1250,255
1251,255
1252,255
1253,-650
1254,295
1255,-25
1256,295
1257,-510
1258,-615
1259,175
1260,295
1261,255
1262,255
1263,295
1264,-895
1265,215
1266,255
1267,295
1268,-615
1269,-545
1270,290
1271,-685
1272,295
1273,225
1274,290
1275,215
1276,-930
1277,255
1278,-440
1279,-615
1280,275
1281,215
1282,215
1283,250
1284,-930
1285,-1000
1286,-615
1287,255
1288,255
1289,255
1290,-965
1291,-650
1292,215
1293,295
1294,255
1295,245
1296,-650
1297,210
1298,-1000
1299,290
1300,-825
1301,-860
1302,290
1303,-545
1304,295
1305,290
1306,-895
1307,295
1308,295
1309,295
1310,295
1311,-895
1312,-510
1313,-895
1314,255
1315,210
1316,295
1317,295
1318,290
1319,295
1320,285
1321,290
1322,255
1323,-615
1324,-825
1325,295
1326,290
1327,-615
1328,-615
1329,-965
1330,-580
1331,-545
1332,285
1333,-615
1334,-930
1335,-1000
1336,210
1337,-965
1338,245
1339,-510
1340,-510
1341,-825
1342,280
1343,255
1344,295
1345,-790
1346,290
1347,-545
1348,-930
1349,255
1350,90
1351,-545
1352,290
1353,-650
1354,-720
1355,295
1356,255
1357,-580
1358,175
1359,255
1360,295
1361,-965
1362,-1000
1363,-510
1364,-650
1365,-965
1366,295
1367,290
1368,-860
1369,-825
1370,255
1371,-895
1372,285
1373,295
1374,255
1375,-650
1376,245
1377,-580
1378,-860
1379,-825
1380,295
1381,-720
1382,240
1383,-650
1384,-860
1385,-650
1386,-860
1387,250
1388,255
1389,-930
1390,290
1391,-720
1392,255
1393,290
1394,250
1395,-860
1396,295
1397,-790
1398,-545
1399,295
1400,215
1401,255
1402,-650
1403,-720
1404,-615
1405,-685
1406,-895
1407,-755
1408,-1000
1409,-1035
1410,-895
1411,295
1412,-615
1413,205
1414,255
1415,-930
1416,255
1417,215
1418,-510
1419,-930
1420,-650
1421,-1000
1422,-965
1423,290
1424,-895
1425,-965
1426,-650
1427,-895
1428,90
1429,295
1430,215
1431,-685
1432,-930
1433,-790
1434,-720
1435,295
1436,95
1437,-685
1438,255
1439,-895
1440,-965
1441,255
1442,-1000
1443,-650
1444,295
1445,-580
1446,240
1447,-650
1448,-650
1449,-545
1450,-755
1451,-825
1452,-895
1453,255
1454,280
1455,265
1456,290
1457,215
1458,295
1459,280
1460,295
1461,295
1462,250
1463,245
1464,-685
1465,-1070
1466,290
1467,-930
1468,-1000
1469,-860
1470,295
1471,250
1472,295
1473,255
1474,255
1475,-860
1476,250
1477,255
1478,295
1479,-510
1480,-790
1481,290
1482,-825
1483,175
1484,295
1485,170
1486,255
1487,295
1488,295
1489,-720
1490,295
1491,-790
1492,255
1493,-615
1494,-580
1495,295
1496,250
1497,175
1498,-930
1499,-755
1500,175
1501,295
1502,-860
1503,215
1504,290
1505,295
1506,295
1507,210
1508,290
1509,245
1510,295
1511,-930
1512,-475
1513,250
1514,-825
1515,215
1516,270
1517,-930
1518,-860
1519,-895
1520,-510
1521,-720
1522,175
1523,255
1524,295
1525,295
1526,-860
1527,-965
1528,-930
1529,-895
1530,255
1531,295
1532,-930
1533,290
1534,295
1535,-685
1536,295
1537,-115
1538,175
1539,250
1540,255
1541,295
1542,-615
1543,255
1544,215
1545,210
1546,-615
1547,215
1548,-475
1549,-615
1550,-860
1551,-615
1552,255
1553,-720
1554,255
1555,-825
1556,215
1557,-545
1558,295
1559,-545
1560,295
1561,-895
1562,255
1563,255
1564,295
1565,-615
1566,295
1567,-1105
1568,135
1569,-930
1570,215
1571,-860
1572,-860
1573,-860
1574,-580
1575,-510
1576,295
1577,-930
1578,-685
1579,-1000
1580,-650
1581,-965
1582,295
1583,-580
1584,-790
1585,-650
1586,-825
1587,295
1588,215
1589,-580
1590,-860
1591,295
1592,-895
1593,-895
1594,295
1595,290
1596,255
1597,245
1598,250
1599,255
1600,295
1601,295
1602,295
1603,255
1604,-825
1605,295
1606,-860
1607,-895
1608,-930
1609,295
1610,-545
1611,-1035
1612,215
1613,-790
1614,-930
1615,295
1616,-825
1617,-825
1618,-930
1619,-965
1620,255
1621,255
1622,255
1623,175
1624,-580
1625,-790
1626,295
1627,-685
1628,290
1629,-930
1630,255
1631,-720
1632,175
1633,-580
1634,-860
1635,255
1636,295
1637,-860
1638,175
1639,285
1640,255
1641,-930
1642,255
1643,-580
1644,255
1645,-965
1646,255
1647,295
1648,-685
1649,255
1650,210
1651,290
1652,255
1653,285
1654,180
1655,175
1656,-510
1657,255
1658,295
1659,215
1660,-930
1661,285
1662,-475
1663,255
1664,295
1665,-545
1666,-930
1667,215
1668,255
1669,-580
1670,215
1671,290
1672,290
1673,295
1674,175
1675,-720
1676,170
1677,-825
1678,-650
1679,-825
1680,15
1681,255
1682,-615
1683,250
1684,295
1685,255
1686,255
1687,-930
1688,290
1689,295
1690,-580
1691,210
1692,295
1693,-965
1694,-685
1695,255
1696,-895
1697,-825
1698,-615
1699,-475
1700,210
1701,210
1702,295
1703,295
1704,255
1705,-790
1706,255
1707,295
1708,-790
1709,-930
1710,-510
1711,-825
1712,-755
1713,255
1714,-510
1715,-895
1716,280
1717,295
1718,285
1719,-475
1720,-755
1721,215
1722,-755
1723,255
1724,-650
1725,-545
1726,280
1727,255
1728,295
1729,-930
1730,-790
1731,255
1732,295
1733,255
1734,-825
1735,-895
1736,-545
1737,285
1738,-825
1739,-895
1740,295
1741,-860
1742,-615
1743,295
1744,295
1745,175
1746,255
1747,-895
1748,-720
1749,255
1750,295
1751,210
1752,-860
1753,-895
1754,-825
1755,-720
1756,-615
1757,295
1758,-965
1759,-545
1760,-825
1761,290
1762,255
1763,-685
1764,-685
1765,255
1766,290
1767,-650
1768,290
1769,-825
1770,295
1771,-755
1772,-755
1773,-930
1774,-755
1775,-895
1776,290
1777,-965
1778,170
1779,-720
1780,250
1781,255
1782,250
1783,-965
1784,95
1785,290
1786,295
1787,295
1788,135
1789,-825
1790,255
1791,210
1792,-895
1793,-825
1794,290
1795,295
1796,255
1797,295
1798,215
1799,295
1800,290
1801,295
1802,295
1803,255
1804,250
1805,295
1806,215
1807,215
1808,255
1809,215
1810,295
1811,245
1812,210
1813,-930
1814,295
1815,-580
1816,-965
1817,215
1818,250
1819,135
1820,-930
1821,295
1822,295
1823,-615
1824,280
1825,255
1826,215
1827,-650
1828,255
1829,-895
1830,-510
1831,255
1832,205
1833,-860
1834,255
1835,295
1836,-965
1837,-615
1838,-930
1839,-580
1840,215
1841,-1000
1842,-720
1843,215
1844,-930
1845,-930
1846,255
1847,175
1848,175
1849,255
1850,-615
1851,-545
1852,295
1853,290
1854,290
1855,255
1856,-685
1857,215
1858,-755
1859,-965
1860,290
1861,-720
1862,-895
1863,-755
1864,120
1865,255
1866,215
1867,-720
1868,-930
1869,250
1870,255
1871,-895
1872,295
1873,-860
1874,-615
1875,-545
1876,255
1877,290
1878,95
1879,-790
1880,295
1881,-895
1882,290
1883,295
1884,-790
1885,-545
1886,215
1887,-1035
1888,-825
1889,285
1890,-510
1891,-1000
1892,-860
1893,-580
1894,285
1895,-825
1896,-895
1897,170
1898,215
1899,255
1900,240
1901,-930
1902,255
1903,-685
1904,285
1905,-685
1906,110
1907,255
1908,-930
1909,-825
1910,295
1911,-965
1912,-1000
1913,-860
1914,215
1915,215
1916,-930
1917,295
1918,-895
1919,-720
1920,250
1921,295
1922,290
1923,-580
1924,-685
1925,255
1926,255
1927,-790
1928,290
1929,295
1930,215
1931,-755
1932,-895
1933,255
1934,295
1935,255
1936,295
1937,-615
1938,-755
1939,-510
1940,-965
1941,295
1942,-720
1943,215
1944,-685
1945,215
1946,290
1947,-790
1948,250
1949,-755
1950,-930
1951,-860
1952,-790
1953,-825
1954,215
1955,270
1956,295
1957,-1000
1958,285
1959,255
1960,-650
1961,290
1962,285
1963,295
1964,-755
1965,250
1966,-930
1967,-860
1968,-685
1969,290
1970,255
1971,175
1972,-790
1973,255
1974,-580
1975,295
1976,295
1977,295
1978,-930
1979,290
1980,250
1981,-615
1982,-1000
1983,-930
1984,-965
1985,290
1986,-895
1987,-965
1988,290
1989,295
1990,215
1991,255
1992,-930
1993,215
1994,-1000
1995,-685
1996,-720
1997,280
1998,295
1999,295
2000,-650
2001,295
2002,-930
2003,-1000
2004,175
2005,-720
2006,295
2007,250
2008,250
2009,-545
2010,255
2011,295
2012,295
2013,250
2014,285
2015,-860
2016,295
2017,255
2018,-650
2019,-965
2020,215
2021,290
2022,-545
2023,-930
2024,295
2025,-685
2026,295
2027,295
2028,-825
2029,-1000
2030,-965
2031,295
2032,215
2033,255
2034,-930
2035,295
2036,170
2037,-930
2038,290
2039,-790
2040,215
2041,-545
2042,-685
2043,-930
2044,295
2045,-930
2046,175
2047,-895
2048,295
2049,295
2050,-860
2051,-1035
2052,-510
2053,215
2054,250
2055,-615
2056,295
2057,255
2058,295
2059,255
2060,295
2061,255
2062,295
2063,255
2064,-860
2065,280
2066,295
2067,295
2068,295
2069,-510
2070,290
2071,-930
2072,290
2073,-1000
2074,295
2075,-965
2076,-720
2077,255
2078,295
2079,295
2080,255
2081,290
2082,250
2083,290
2084,-930
2085,295
2086,-1035
2087,255
2088,295
2089,215
2090,295
2091,-965
2092,295
2093,255
2094,290
2095,255
2096,255
2097,-615
2098,295
2099,255
2100,250
2101,-790
2102,215
2103,-1000
2104,280
2105,-545
2106,295
2107,-685
2108,-755
2109,-1000
2110,-685
2111,240
2112,295
2113,295
2114,255
2115,-545
2116,295
2117,-650
2118,215
2119,255
2120,-965
2121,295
2122,255
2123,-755
2124,290
2125,255
2126,215
2127,255
2128,-825
2129,-825
2130,285
2131,-720
2132,250
2133,-685
2134,295
2135,240
2136,215
2137,-650
2138,295
2139,170
2140,-615
2141,-650
2142,295
2143,295
2144,255
2145,215
2146,-755
2147,295
2148,290
2149,295
2150,-1000
2151,295
2152,-895
2153,215
2154,295
2155,-1035
2156,-930
2157,-930
2158,255
2159,295
2160,295
2161,-825
2162,-895
2163,-825
2164,255
2165,-685
2166,295
2167,-965
2168,295
2169,295
2170,-895
2171,-860
2172,295
2173,-1000
2174,295
2175,-860
2176,290
2177,-545
2178,255
2179,205
2180,290
2181,295
2182,-790
2183,-650
2184,285
2185,250
2186,275
2187,-860
2188,-895
2189,-720
2190,255
2191,-440
2192,-545
2193,255
2194,-1035
2195,135
2196,-650
2197,295
2198,-650
2199,-720
2200,295
2201,-930
2202,-755
2203,-930
2204,55
2205,-895
2206,-965
2207,290
2208,205
2209,-965
2210,-1000
2211,255
2212,290
2213,-930
2214,-1000
2215,295
2216,-860
2217,-930
2218,-895
2219,255
2220,-965
2221,200
2222,215
2223,255
2224,-930
2225,-685
2226,290
2227,255
2228,285
2229,215
2230,-510
2231,295
2232,290
2233,-650
2234,290
2235,295
2236,-825
2237,290
2238,-930
2239,295
2240,-685
2241,-685
2242,-545
2243,-615
2244,-930
2245,295
2246,-860
2247,-930
2248,215
2249,295
2250,295
2251,295
2252,-615
2253,-1000
2254,250
2255,295
2256,215
2257,290
2258,-930
2259,-895
2260,295
2261,-825
2262,-615
2263,255
2264,295
2265,-720
2266,295
2267,-825
2268,215
2269,-930
2270,-580
2271,-965
2272,295
2273,295
2274,215
2275,210
2276,295
2277,-860
2278,-895
2279,-615
2280,290
2281,255
2282,215
2283,-860
2284,295
2285,295
2286,255
2287,-895
2288,255
2289,295
2290,245
2291,285
2292,-895
2293,250
2294,-580
2295,255
2296,210
2297,175
2298,-25
2299,-895
2300,250
2301,-895
2302,-790
2303,-965
2304,-895
2305,255
2306,295
2307,250
2308,-580
2309,-580
2310,-615
2311,-1035
2312,-615
2313,295
2314,205
2315,-930
2316,295
2317,-930
2318,255
2319,215
2320,255
2321,-825
2322,250
2323,295
2324,-720
2325,-965
2326,295
2327,295
2328,295
2329,285
2330,295
2331,295
2332,295
2333,215
2334,-860
2335,255
2336,-965
2337,-825
2338,-685
2339,295
2340,210
2341,210
2342,255
2343,-755
2344,235
2345,295
2346,-895
2347,-930
2348,-580
2349,250
2350,-510
2351,-580
2352,245
2353,255
2354,295
2355,295
2356,-615
2357,-790
2358,-895
2359,255
2360,-615
2361,295
2362,-615
2363,-1070
2364,-545
2365,-545
2366,295
2367,-895
2368,295
2369,-650
2370,-720
2371,135
2372,-755
2373,-650
2374,295
2375,295
2376,210
2377,-650
2378,-615
2379,-580
2380,205
2381,295
2382,-860
2383,-545
2384,-30
2385,295
2386,-895
2387,250
2388,215
2389,255
2390,215
2391,135
2392,295
2393,295
2394,245
2395,255
2396,255
2397,255
2398,255
2399,250
2400,295
2401,240
2402,295
2403,-825
2404,295
2405,295
2406,250
2407,-930
2408,-755
2409,-930
2410,-825
2411,290
2412,-720
2413,215
2414,295
2415,295
2416,-755
2417,255
2418,280
2419,295
2420,-720
2421,-930
2422,-755
2423,295
2424,-615
2425,-895
2426,-860
2427,295
2428,295
2429,-965
2430,280
2431,-930
2432,-1000
2433,-615
2434,-860
2435,-545
2436,-895
2437,295
2438,255
2439,255
2440,135
2441,-860
2442,295
2443,255
2444,205
2445,295
2446,215
2447,295
2448,-510
2449,290
2450,-790
2451,255
2452,215
2453,250
2454,255
2455,135
2456,-790
2457,-930
2458,255
2459,-895
2460,280
2461,-650
2462,-965
2463,-580
2464,255
2465,295
2466,290
2467,-790
2468,295
2469,255
2470,290
2471,-685
2472,-895
2473,295
2474,255
2475,-580
2476,295
2477,295
2478,175
2479,255
2480,-720
2481,-895
2482,-685
2483,255
2484,-965
2485,255
2486,-860
2487,-825
2488,-685
2489,295
2490,255
2491,290
2492,-825
2493,-895
2494,-1070
2495,215
2496,295
2497,-790
2498,-930
2499,-895
2500,-790
2501,250
2502,-615
2503,-825
2504,255
2505,-650
2506,-545
2507,160
2508,215
2509,215
2510,-965
2511,255
2512,-685
2513,-615
2514,-615
2515,290
2516,-965
2517,255
2518,-615
2519,255
2520,290
2521,-650
2522,-650
2523,280
2524,240
2525,295
2526,295
2527,295
2528,-895
2529,295
2530,-615
2531,280
2532,-930
2533,255
2534,250
2535,255
2536,255
2537,-720
2538,135
2539,-825
2540,255
2541,-860
2542,-930
2543,255
2544,255
2545,-790
2546,250
2547,215
2548,-685
2549,255
2550,-545
2551,255
2552,295
2553,295
2554,-580
2555,-720
2556,295
2557,255
2558,295
2559,295
2560,295
2561,-720
2562,-580
2563,-685
2564,-965
2565,-790
2566,-790
2567,-510
2568,215
2569,295
2570,290
2571,-440
2572,-685
2573,295
2574,-650
2575,255
2576,215
2577,-1000
2578,215
2579,-510
2580,250
2581,295
2582,295
2583,245
2584,-685
2585,-685
2586,275
2587,-825
2588,-545
2589,-860
2590,295
2591,205
2592,295
2593,-860
2594,-30
2595,295
2596,215
2597,-930
2598,-650
2599,295
2600,205
2601,295
2602,250
2603,-860
2604,-1070
2605,-650
2606,275
2607,-650
2608,290
2609,205
2610,-895
2611,295
2612,280
2613,295
2614,-650
2615,-580
2616,295
2617,-720
2618,-720
2619,295
2620,-860
2621,250
2622,-650
2623,295
2624,255
2625,295
2626,-930
2627,295
2628,-860
2629,-825
2630,295
2631,-615
2632,-930
2633,245
2634,-650
2635,255
2636,295
2637,-510
2638,295
2639,295
2640,255
2641,295
2642,-755
2643,295
2644,290
2645,135
2646,-860
2647,-755
2648,255
2649,255
2650,255
2651,-895
2652,255
2653,255
2654,295
2655,255
2656,-755
2657,295
2658,-545
2659,-720
2660,230
2661,175
2662,250
2663,-685
2664,-895
2665,-860
2666,-755
2667,-1000
2668,-790
2669,215
2670,-650
2671,295
2672,-825
2673,-650
2674,255
2675,255
2676,295
2677,255
2678,-580
2679,295
2680,290
2681,-895
2682,-930
2683,215
2684,-965
2685,-930
2686,295
2687,-895
2688,255
2689,285
2690,250
2691,255
2692,290
2693,-895
2694,295
2695,255
2696,-860
2697,215
2698,-860
2699,295
2700,-685
2701,-965
2702,215
2703,295
2704,295
2705,255
2706,-965
2707,290
2708,-1000
2709,175
2710,125
2711,-510
2712,135
2713,210
2714,-965
2715,-615
2716,-790
2717,295
2718,295
2719,295
2720,-720
2721,250
2722,215
2723,-825
2724,-895
2725,-650
2726,-860
2727,295
2728,-930
2729,285
2730,295
2731,-615
2732,215
2733,-510
2734,255
2735,295
2736,-650
2737,-615
2738,-930
2739,255
2740,200
2741,215
2742,-580
2743,-545
2744,285
2745,-965
2746,-965
2747,280
2748,-790
2749,-895
2750,-895
2751,-895
2752,-930
2753,295
2754,215
2755,295
2756,295
2757,-755
2758,-685
2759,-895
2760,-930
2761,205
2762,290
2763,215
2764,-580
2765,-930
2766,-545
2767,-965
2768,250
2769,295
2770,-790
2771,290
2772,-1035
2773,-615
2774,215
2775,-755
2776,-1000
2777,255
2778,-650
2779,-965
2780,-25
2781,-1000
2782,295
2783,255
2784,-755
2785,255
2786,295
2787,-580
2788,210
2789,-755
2790,295
2791,255
2792,295
2793,-895
2794,-545
2795,-650
2796,215
2797,-615
2798,-615
2799,-930
2800,-965
2801,-895
2802,-965
2803,-930
2804,245
2805,-895
2806,-545
2807,215
2808,295
2809,255
2810,295
2811,295
2812,290
2813,295
2814,295
2815,255
2816,215
2817,-615
2818,-685
2819,295
2820,250
2821,215
2822,-895
2823,-825
2824,-930
2825,-860
2826,255
2827,-755
2828,-965
2829,215
2830,-825
2831,-930
2832,-790
2833,-895
2834,-685
2835,290
2836,-930
2837,255
2838,215
2839,295
2840,-790
2841,295
2842,295
2843,250
2844,-1000
2845,255
2846,255
2847,255
2848,-615
2849,295
2850,255
2851,-755
2852,255
2853,255
2854,295
2855,-510
2856,295
2857,-825
2858,295
2859,-650
2860,255
2861,295
2862,-965
2863,215
2864,-580
2865,275
2866,170
2867,290
2868,240
2869,210
2870,295
2871,-580
2872,295
2873,255
2874,290
2875,290
2876,-860
2877,-860
2878,-930
2879,295
2880,255
2881,-720
2882,-895
2883,-860
2884,-930
2885,295
2886,-965
2887,255
2888,295
2889,-860
2890,-615
2891,215
2892,-895
2893,215
2894,255
2895,-930
2896,-965
2897,295
2898,255
2899,295
2900,-930
2901,285
2902,-965
2903,135
2904,170
2905,295
2906,290
2907,-650
2908,-860
2909,-755
2910,290
2911,250
2912,-1000
2913,-860
2914,170
2915,-895
2916,-615
2917,290
2918,-790
2919,255
2920,-965
2921,-755
2922,-895
2923,-580
2924,295
2925,295
2926,-790
2927,255
2928,290
2929,175
2930,-720
2931,215
2932,-860
2933,-930
2934,-825
2935,290
2936,280
2937,-720
2938,255
2939,255
2940,-720
2941,295
2942,250
2943,215
2944,-720
2945,250
2946,-930
2947,-895
2948,205
2949,295
2950,290
2951,250
2952,-650
2953,-825
2954,245
2955,95
2956,215
2957,215
2958,250
2959,255
2960,-895
2961,250
2962,-685
2963,-755
2964,285
2965,-860
2966,-720
2967,95
2968,215
2969,295
2970,250
2971,-1105
2972,-895
2973,-965
2974,-580
2975,295
2976,255
2977,215
2978,295
2979,-895
2980,85
2981,295
2982,245
2983,215
2984,-860
2985,-615
2986,-650
2987,250
2988,-1000
2989,295
2990,295
2991,-965
2992,-965
2993,295
2994,295
2995,-685
2996,-720
2997,285
2998,215
2999,295
3000,295
3001,235
3002,295
3003,-930
3004,-475
3005,-860
3006,255
3007,-650
3008,290
3009,295
3010,295
3011,-895
3012,290
3013,-860
3014,295
3015,-580
3016,-790
3017,-790
3018,-965
3019,215
3020,-615
3021,210
3022,-510
3023,250
3024,255
3025,290
3026,-930
3027,-685
3028,170
3029,-965
3030,295
3031,295
3032,295
3033,-895
3034,-580
3035,-965
3036,215
3037,-790
3038,285
3039,-895
3040,250
3041,-895
3042,-895
3043,-580
3044,-755
3045,255
3046,295
3047,295
3048,295
3049,295
3050,-755
3051,-790
3052,-755
3053,-615
3054,-790
3055,-615
3056,170
3057,250
3058,295
3059,290
3060,215
3061,-1000
3062,-720
3063,-895
3064,-1000
3065,205
3066,245
3067,255
3068,-615
3069,290
3070,-685
3071,-720
3072,-755
3073,295
3074,250
3075,-615
3076,-895
3077,205
3078,255
3079,255
3080,215
3081,255
3082,-895
3083,-755
3084,95
3085,255
3086,290
3087,-930
3088,255
3089,295
3090,255
3091,215
3092,295
3093,-825
3094,-860
3095,170
3096,255
3097,215
3098,135
3099,290
3100,-755
3101,-860
3102,280
3103,-965
3104,-965
3105,-580
3106,255
3107,210
3108,-580
3109,-860
3110,290
3111,-510
3112,215
3113,-825
3114,-580
3115,-930
3116,-965
3117,-825
3118,-755
3119,215
3120,-895
3121,-755
3122,250
3123,295
3124,295
3125,295
3126,-685
3127,-965
3128,295
3129,295
3130,245
3131,225
3132,-615
3133,-755
3134,295
3135,215
3136,-580
3137,215
3138,-825
3139,-685
3140,245
3141,-615
3142,-895
3143,175
3144,295
3145,215
3146,-860
3147,-545
3148,245
3149,255
3150,-895
3151,245
3152,295
3153,-965
3154,255
3155,-895
3156,295
3157,-580
3158,295
3159,240
3160,-650
3161,250
3162,215
3163,-755
3164,295
3165,-825
3166,-1000
3167,255
3168,-930
3169,255
3170,-510
3171,290
3172,295
3173,-580
3174,255
3175,250
3176,255
3177,295
3178,-615
3179,295
3180,-860
3181,-860
3182,295
3183,-615
3184,-755
3185,255
3186,175
3187,295
3188,-965
3189,-790
3190,295
3191,-650
3192,-895
3193,255
3194,255
3195,-755
3196,255
3197,-860
3198,-965
3199,-615
3200,-860
3201,-580
3202,215
3203,295
3204,215
3205,295
3206,-510
3207,295
3208,-475
3209,295
3210,-615
3211,295
3212,295
3213,210
3214,295
3215,-825
3216,-615
3217,295
3218,-650
3219,-860
3220,210
3221,130
3222,215
3223,295
3224,275
3225,-895
3226,255
3227,-615
3228,215
3229,255
3230,245
3231,255
3232,295
3233,-930
3234,-965
3235,175
3236,-895
3237,-965
3238,290
3239,250
3240,-895
3241,295
3242,255
3243,-965
3244,215
3245,-895
3246,250
3247,250
3248,295
3249,-720
3250,210
3251,-930
3252,235
3253,-790
3254,-720
3255,-790
3256,-580
3257,-1000
3258,255
3259,-475
3260,-580
3261,135
3262,-930
3263,-650
3264,290
3265,-580
3266,255
3267,-790
3268,-580
3269,-755
3270,295
3271,-580
3272,215
3273,-720
3274,210
3275,215
3276,290
3277,255
3278,-615
3279,295
3280,215
3281,-650
3282,-650
3283,-580
3284,-1035
3285,-580
3286,255
3287,-930
3288,295
3289,255
3290,295
3291,245
3292,165
3293,285
3294,-790
3295,295
3296,-650
3297,295
3298,-895
3299,-545
3300,295
3301,-1000
3302,255
3303,-895
3304,195
3305,295
3306,-580
3307,255
3308,-650
3309,240
3310,255
3311,-860
3312,255
3313,255
3314,295
3315,255
3316,295
3317,290
3318,-615
3319,-790
3320,-895
3321,250
3322,215
3323,-720
3324,135
3325,295
3326,-510
3327,255
3328,295
3329,255
3330,285
3331,295
3332,290
3333,210
3334,255
3335,295
3336,-650
3337,-685
3338,-615
3339,295
3340,-930
3341,-720
3342,-825
3343,-650
3344,295
3345,-685
3346,-930
3347,-965
3348,-930
3349,250
3350,-720
3351,290
3352,235
3353,-860
3354,-790
3355,-580
3356,-475
3357,245
3358,295
3359,-650
3360,-720
3361,-860
3362,250
3363,-860
3364,-475
3365,295
3366,-510
3367,-1000
3368,-755
3369,-720
3370,-580
3371,-790
3372,-965
3373,-615
3374,295
3375,215
3376,255
3377,-930
3378,-825
3379,255
3380,-685
3381,-685
3382,295
3383,250
3384,285
3385,-860
3386,295
3387,-930
3388,-860
3389,295
3390,295
3391,-860
3392,295
3393,295
3394,255
3395,250
3396,-895
3397,-930
3398,250
3399,295
3400,-825
3401,-790
3402,255
3403,-895
3404,-965
3405,295
3406,215
3407,295
3408,255
3409,-755
3410,295
3411,215
3412,255
3413,-685
3414,135
3415,210
3416,295
3417,290
3418,-685
3419,-1070
3420,250
3421,-510
3422,-650
3423,-580
3424,295
3425,280
3426,-895
3427,260
3428,-615
3429,-1035
3430,-545
3431,-965
3432,-755
3433,-650
3434,-860
3435,295
3436,-895
3437,245
3438,-720
3439,290
3440,290
3441,295
3442,255
3443,-720
3444,280
3445,255
3446,-650
3447,215
3448,-930
3449,255
3450,295
3451,280
3452,295
3453,-580
3454,295
3455,255
3456,-860
3457,-545
3458,255
3459,135
3460,-860
3461,-790
3462,-860
3463,-720
3464,-895
3465,-1000
3466,-930
3467,-545
3468,290
3469,-965
3470,-545
3471,255
3472,295
3473,-895
3474,-895
3475,-930
3476,-895
3477,-720
3478,-650
3479,-25
3480,250
3481,-685
3482,-895
3483,255
3484,255
3485,255
3486,295
3487,285
3488,215
3489,290
3490,255
3491,255
3492,290
3493,285
3494,-580
3495,295
3496,255
3497,-790
3498,295
3499,295
3500,215
3501,285
3502,-965
3503,255
3504,-1000
3505,-580
3506,-930
3507,-580
3508,255
3509,255
3510,290
3511,-1000
3512,-790
3513,-790
3514,255
3515,255
3516,295
3517,-615
3518,250
3519,255
3520,175
3521,175
3522,-930
3523,-685
3524,-895
3525,295
3526,95
3527,-895
3528,-825
3529,295
3530,255
3531,295
3532,-825
3533,295
3534,295
3535,295
3536,295
3537,-860
3538,-720
3539,135
3540,-895
3541,-895
3542,-930
3543,-545
3544,-860
3545,255
3546,-650
3547,-650
3548,295
3549,295
3550,170
3551,-790
3552,255
3553,-510
3554,255
3555,295
3556,295
3557,295
3558,255
3559,295
3560,295
3561,-825
3562,215
3563,-1000
3564,-930
3565,-510
3566,-930
3567,215
3568,-860
3569,255
3570,255
3571,-615
3572,295
3573,215
3574,-685
3575,-895
3576,200
3577,-615
3578,295
3579,-895
3580,-615
3581,295
3582,170
3583,-965
3584,255
3585,295
3586,295
3587,-895
3588,-930
3589,-685
3590,-895
3591,295
3592,295
3593,-720
3594,295
3595,295
3596,255
3597,-930
3598,-370
3599,295
3600,295
3601,290
3602,290
3603,-755
3604,295
3605,295
3606,295
3607,-860
3608,-860
3609,175
3610,255
3611,290
3612,295
3613,-790
3614,295
3615,-720
3616,-965
3617,295
3618,-685
3619,-615
3620,-860
3621,250
3622,295
3623,295
3624,-930
3625,215
3626,255
3627,-510
3628,235
3629,295
3630,295
3631,250
3632,215
3633,255
3634,-580
3635,-650
3636,-860
3637,285
3638,-650
3639,290
3640,285
3641,-895
3642,285
3643,-825
3644,-825
3645,280
3646,-545
3647,-930
3648,-930
3649,-615
3650,295
3651,170
3652,295
3653,-720
3654,-860
3655,-895
3656,285
3657,-860
3658,-615
3659,215
3660,285
3661,175
3662,-930
3663,-895
3664,-755
3665,250
3666,-615
3667,-790
3668,290
3669,290
3670,-965
3671,-650
3672,215
3673,-685
3674,-825
3675,255
3676,255
3677,-615
3678,135
3679,255
3680,250
3681,295
3682,-895
3683,-930
3684,250
3685,-510
3686,-930
3687,-615
3688,-860
3689,-685
3690,-720
3691,-860
3692,175
3693,-860
3694,10
3695,295
3696,-720
3697,255
3698,-860
3699,250
3700,-790
3701,295
3702,-895
3703,250
3704,255
3705,-930
3706,250
3707,165
3708,-1035
3709,295
3710,295
3711,-755
3712,-965
3713,275
3714,295
3715,295
3716,295
3717,255
3718,-790
3719,-650
3720,-545
3721,285
3722,-790
3723,-895
3724,255
3725,-685
3726,255
3727,295
3728,290
3729,-930
3730,-1000
3731,-685
3732,-615
3733,-895
3734,295
3735,215
3736,-440
3737,295
3738,255
3739,-545
3740,215
3741,-650
3742,-895
3743,-965
3744,295
3745,-650
3746,295
3747,-930
3748,-1000
3749,-965
3750,165
3751,-720
3752,255
3753,255
3754,-720
3755,-895
3756,275
3757,295
3758,295
3759,-650
3760,165
3761,-860
3762,-790
3763,255
3764,-790
3765,245
3766,255
3767,250
3768,-930
3769,-580
3770,250
3771,-860
3772,290
3773,255
3774,250
3775,-545
3776,-1035
3777,295
3778,-650
3779,210
3780,-580
3781,-860
3782,295
3783,250
3784,-720
3785,-965
3786,285
3787,-1000
3788,-860
3789,255
3790,-895
3791,-965
3792,295
3793,-860
3794,-860
3795,215
3796,295
3797,-825
3798,-1035
3799,295
3800,295
3801,-755
3802,255
3803,255
3804,295
3805,-825
3806,295
3807,215
3808,295
3809,-720
3810,290
3811,-545
3812,-1000
3813,215
3814,-685
3815,-685
3816,85
3817,-860
3818,245
3819,-615
3820,250
3821,-825
3822,295
3823,-1105
3824,-965
3825,295
3826,-790
3827,210
3828,175
3829,295
3830,-615
3831,295
3832,295
3833,-650
3834,295
3835,95
3836,295
3837,175
3838,255
3839,215
3840,255
3841,295
3842,-930
3843,215
3844,255
3845,295
3846,-860
3847,-965
3848,-790
3849,-860
3850,255
3851,295
3852,255
3853,295
3854,-755
3855,255
3856,295
3857,205
3858,-685
3859,-895
3860,-685
3861,255
3862,255
3863,295
3864,-545
3865,-545
3866,-545
3867,-30
3868,170
3869,175
3870,295
3871,255
3872,295
3873,285
3874,290
3875,295
3876,295
3877,-825
3878,-895
3879,-650
3880,295
3881,250
3882,245
3883,-755
3884,-895
3885,-860
3886,250
3887,-580
3888,245
3889,-825
3890,215
3891,-930
3892,-1000
3893,-685
3894,-510
3895,255
3896,-510
3897,-965
3898,255
3899,-685
3900,295
3901,-720
3902,-790
3903,-825
3904,-1000
3905,-615
3906,-615
3907,-755
3908,-965
3909,215
3910,-860
3911,290
3912,-930
3913,215
3914,255
3915,255
3916,290
3917,-1000
3918,-615
3919,-720
3920,295
3921,295
3922,-580
3923,255
3924,295
3925,215
3926,215
3927,-475
3928,215
3929,-825
3930,-860
3931,-720
3932,215
3933,255
3934,-860
3935,-825
3936,-580
3937,-615
3938,135
3939,-790
3940,-650
3941,290
3942,-895
3943,-930
3944,255
3945,-650
3946,295
3947,250
3948,255
3949,-965
3950,255
3951,295
3952,-825
3953,-825
3954,295
3955,-895
3956,170
3957,-895
3958,255
3959,295
3960,130
3961,-685
3962,-825
3963,-720
3964,-860
3965,295
3966,-965
3967,-1000
3968,-685
3969,-685
3970,-930
3971,-580
3972,-790
3973,255
3974,295
3975,-930
3976,-545
3977,295
3978,255
3979,-930
3980,-615
3981,-580
3982,290
3983,165
3984,-720
3985,-965
3986,-615
3987,245
3988,250
3989,-685
3990,255
3991,-615
3992,-685
3993,285
3994,290
3995,210
3996,215
3997,295
3998,250
3999,-895
